1,Erhart Guirard
2,Elvin Rodden
3,Valene Yeo
4,Gaye Lebbon
5,Rabi McKendo
6,Olivie Crole
7,Loretta Gepheart
8,Bradford O'Mara
9,Abigael Dowell
10,Mattie McVey
11,Terencio Rawcliff
12,Sebastian Giacopini
13,Neddy Mourge
14,Frazier Robuchon
15,Jermaine Alder
16,Kinny Sparry
17,Lisbeth Doick
18,Hill Foukx
19,Darby Gozzard
20,Janeta Middlewick
21,Danica Corradeschi
22,Clerkclaude Troth
23,Doria Kiefer
24,Gerianne Wyld
25,Tomasine Wiggett
26,Hymie Heaslip
27,Darline Aust
28,Killy Armstead
29,Weylin Worswick
30,Caesar Darrigoe
31,Elly Brant
32,Hollyanne Gerrelts
33,Anica Adriaens
34,Mavis Beneze
35,Di Feasey
36,Banky Croney
37,Niles Suett
38,Lavina Gromley
39,Phillipe Ferebee
40,Bertine Flori
41,Vanya Rheaume
42,Sheryl Di Biagio
43,Karry Gamlin
44,Davidson Marchand
45,Renelle Bambra
46,Helena Delacroux
47,Joelynn Albury
48,Ellis Danilov
49,Wolfy Vidineev
50,Charla Fawlks
51,Lauri Duigan
52,Brade Syce
53,Malorie Robion
54,Tulley Guyon
55,Pearce Durtnell
56,Katya Bragg
57,Townsend Ruspine
58,Melisa Waldren
59,Amalia Geraudy
60,Griff Sheekey
61,Sheelah Brixham
62,Katine Blackburne
63,Fan Makin
64,Filia Venney
65,Killy Dadge
66,Miof mela Kinavan
67,Georgianne Wayte
68,Elisha Corriea
69,Rachael Chelam
70,Lizzy Glowach
71,Vinnie Puckinghorne
72,Bibi Steckings
73,Roz Moseby
74,Katrinka MacSporran
75,Agnes Tabbernor
76,Jackie Fulstow
77,Kennedy Aven
78,Lorna Lafrentz
79,Melina Sherwell
80,Julianna Keyte
81,Merell Pashbee
82,Keith Shewen
83,Casar McCreadie
84,Natalee Prantoni
85,Toby Erskine Sandys
86,Nanice Bennell
87,Gabriellia Arkell
88,Ethyl Janodet
89,Pincas Sansam
90,Othello Geggus
91,Rhonda Couttes
92,Kellen Markl
93,Ethan Battelle
94,Krishna Brasner
95,Padraig Kedge
96,Barbabas Boxhill
97,Tedi Mc Gorley
98,Jud Halleybone
99,Alexandre Dewane
100,Cynde Alpes
101,Filide McTerlagh
102,Jody Jordison
103,Esther Tampion
104,Leanora Jenney
105,Rickey Bowkett
106,Cayla Carman
107,Esdras Rettie
108,Binky Drepp
109,Farleigh Harness
110,Rodrique Roscamps
111,Marthe Macklam
112,Valencia Veness
113,Farah Braithwait
114,Ingunna Olechnowicz
115,Lorie Scotti
116,Mayne Oldershaw
117,Rainer Lancett
118,Tristam Nelle
119,Vivianna Nutty
120,Jimmy Ockland
121,Davita Mallabon
122,Geoffrey Gooder
123,Zak Doig
124,Thornie Rozsa
125,Baldwin Morson
126,Jobye McDell
127,Giffard Jedrzejewsky
128,Sayres Cosbey
129,Renaud Bartosik
130,Richy Lukas
131,Agneta Osmund
132,Thomas Boas
133,Binny Mixter
134,Petey Polglase
135,Alano Glencross
136,Chantalle Inch
137,Alberik Gabby
138,Denice McArtan
139,Marlo Bartolommeo
140,Marylou Decker
141,Benn Angerstein
142,Ruthie Reynold
143,Bentley Prys
144,Magdalena Underdown
145,Isis Pearce
146,Dalila Muirhead
147,Prissie Davidovitz
148,Helyn Comettoi
149,Carlos Le Pruvost
150,Kipp Haversum
151,Tedmund Heistermann
152,Wyatt Sandifer
153,Elysia Petrello
154,Purcell Pirnie
155,Terra Hubbold
156,Katie Prowse
157,Pooh Trittam
158,Pedro Chipp
159,Town Jewett
160,Hollie Coombes
161,Armando Roots
162,Raine Cuolahan
163,Henrie Prickett
164,Danice Borres
165,Marigold Midford
166,Fletch Thonason
167,Valentia Boultwood
168,Granger Giggs
169,Shena Brumby
170,Errick McKellar
171,Gannon Thewlis
172,Conrad Rubinowitch
173,Toby O' Finan
174,Kristofer Perrone
175,Rolph Harrigan
176,Minnaminnie Vallow
177,Rob Jaycox
178,Beverley St. Quintin
179,Riobard Feilden
180,Martha Spalls
181,Dougy Curran
182,Arnie Bartley
183,Brand Campe
184,Che Richfield
185,Goober Twinn
186,Chrisy Paley
187,Elfrieda McIlvaney
188,Stephenie Debenham
189,Vivien Exon
190,Danette Mangeney
191,Ranee Mendes
192,Meriel Bison
193,Jenn Skirlin
194,Linnie Loudyan
195,Hedwiga Goodspeed
196,Eamon Battye
197,August Vardon
198,Zaccaria Needham
199,Hallie Belliard
200,Lynette Natte
201,Ernst Drakard
202,Constantino Grafhom
203,Veriee Quadrio
204,Bernadina By
205,Rasla Willarton
206,Miguela Fulger
207,Dun Peperell
208,Rosetta Byram
209,Cletus Konerding
210,Tades Eminson
211,Callean Lemoir
212,Forrester Monson
213,Kerk Dohrmann
214,Drusilla Shearn
215,Dal Hebborn
216,Madonna Ryrie
217,Julian Sogg
218,Pearce Rotherham
219,Tani Clemencet
220,Joli Aglione
221,Enrichetta Gosden
222,Henryetta Catterson
223,Katherine Rabjohn
224,Prentiss Coller
225,Kathye Gladtbach
226,Averell Sewley
227,Aili Ennor
228,Winona O'Connolly
229,Sara Rodger
230,Tanny Aris
231,Oren Ackred
232,Ailis Mealham
233,Adolf Kinane
234,Jennee Bertouloume
235,Alida Worsnip
236,Asa Trask
237,Reider Salvatore
238,Devora Ranstead
239,Sergio Joffe
240,Imojean Mileham
241,Kipp Garn
242,Jarred Traske
243,Ebeneser Caldow
244,Chicky Razoux
245,Babara Simkovich
246,Ripley Crippill
247,Leodora Jordison
248,Tristan Cutts
249,Alyce Heffer
250,Joe Gillham
251,Carmine Popple
252,Gav Gownge
253,Muffin Fogg
254,Yule Di Bernardo
255,Carlie Bourges
256,Tamas Dasent
257,Meredith Stedson
258,Godard Carnall
259,Roy Corden
260,Ruben Mallard
261,Colette Towriss
262,Cristobal Lardiner
263,Bridgette Gilbert
264,Oralla Dany
265,Meridith Bowler
266,Grenville Silverstone
267,Nye MacCartney
268,Allyce Kenny
269,Frasier Lavall
270,Reid Pickston
271,Betti Jacmard
272,Richmound Flewan
273,Mallory Castilla
274,Lucille Glencrosche
275,Issy Cluley
276,Newton Rainford
277,Mickie Valens-Smith
278,Benita Orviss
279,Gabi Fishbourn
280,Tadeo Coolican
281,Erhart Havill
282,Rhody Ortega
283,Gaylene Romney
284,Stephenie Barrington
285,Ami Collyear
286,Nicholle Skipsey
287,Loren Belliveau
288,Grantham MacGaughy
289,Mortimer Gooderson
290,Willy Bendin
291,Tybie Rennicks
292,Kayley Brentnall
293,Corella Casetti
294,Adah Bullen
295,Callida Twelvetrees
296,Shoshana Swancott
297,Ulick Marcinkus
298,Mill Dmiterko
299,Rupert Nelissen
300,Buck O'Gaven
301,Lothario Lainton
302,Clare Dyer
303,Joice Jackways
304,Alana Brickham
305,Herta Hamlett
306,Susette Brimson
307,Kyle Jobbins
308,Bobine Klimek
309,Libbey Joliffe
310,Kathi Shevelin
311,Bonita Kingswood
312,Faythe Gooderham
313,Ginni Littlejohns
314,Torie Sandry
315,Flem Pietruszka
316,Guillermo Pragnell
317,Lexy Dalrymple
318,Malvina Jaeggi
319,Grover Shortin
320,Dore Sedman
321,Jyoti Fysh
322,Celestyn Charker
323,Mireille Basili
324,Ford Iffland
325,Margaretta Alekseev
326,Wynn Yeskin
327,Aurea O'Leagham
328,Stella Eby
329,Marcello Beatty
330,Hart Dunbar
331,Bing Pittel
332,Marlon Taysbil
333,Sianna Gjerde
334,Marj Lumox
335,Isa Tunnoch
336,Vanya Bartoloma
337,Gaby Kave
338,Nike de Savery
339,Dyanne Ladley
340,Deeann Hourihane
341,Sydelle Ewbank
342,Mora Rumney
343,Henrietta Finney
344,Torrence Teese
345,Oralee Elmar
346,Wallache Prinett
347,Dania O'Sirin
348,Greggory Raulstone
349,Lisbeth Aslett
350,Yancey De Cleen
351,Richardo Kelf
352,Myrlene Cashin
353,Tiffanie Chiverton
354,Garrick Le Surf
355,Abbey Bruffell
356,Jemie MacAleese
357,Zarah Redier
358,Phillipe Petto
359,Joyous Late
360,Zsazsa Genese
361,Sutherlan Neave
362,Jeromy Aguirrezabala
363,Fitzgerald Greeve
364,Falkner Prawle
365,Arlyn Cunnell
366,Cliff Lembrick
367,Bart McEwen
368,Saundra Thundercliffe
369,Susie Kembry
370,Daveen Boice
371,Buiron Lanfranchi
372,Gustaf Flanaghan
373,Judie Sellman
374,Pascal Itzcovich
375,Meggi Polleye
376,Rayner Puxley
377,Haskel Wyss
378,Domeniga Marquot
379,Sibby Aguirrezabal
380,Brittany Hugonnet
381,Jo-anne Brando
382,Arlen Figures
383,Brendan Oxer
384,Adrianna Atwood
385,Agatha Henrionot
386,Lorine Mallinar
387,Jilleen Harrild
388,Feodora Danilewicz
389,Claudius Quarrington
390,Lindy Baus
391,Kaila Flemmich
392,Rebe Skaife d'Ingerthorpe
393,Ulrick Pickrell
394,Zollie MacFadzean
395,Raymund Potkins
396,Hamnet Gapper
397,Hoebart Fisher
398,Harlin Karmel
399,Nyssa Olphert
400,Brander Wasling
401,Marysa Varty
402,Opaline Booty
403,Kiel Itzhak
404,Tybi Cuss
405,Sadie Gaukroger
406,Vite Van den Hof
407,Callie Doud
408,Timi Harraway
409,L;urette Eagles
410,Barri Timmens
411,Gleda Rosenfeld
412,Jaime McRill
413,Nicola Braycotton
414,Elissa Cud
415,Ingeberg Cicchetto
416,Billi Rowles
417,Ronni Woosnam
418,Jorrie Fehners
419,Eldin McCraine
420,Robinia Jeffcoat
421,Adlai Osmon
422,Jared Enstone
423,August Shalloo
424,Templeton Cleary
425,Wilden Evershed
426,Ferrel Dyzart
427,Cookie Etches
428,Gareth Coady
429,Deva Broek
430,Corinna Runnicles
431,Jarvis Cotterrill
432,Datha Stockhill
433,Phineas Keilty
434,Pascal Spacey
435,Errick Whittet
436,Henrik Lavell
437,Gratiana Glentworth
438,Stephi Slowly
439,Celinda Isaksson
440,Wilek Irlam
441,Caspar Halsho
442,Carmine Bloxam
443,Bernardina Shedden
444,Claybourne Clemetts
445,Douglas Helix
446,Kean Peeters
447,Mellie Peacey
448,Bettina Whiteley
449,Marcelle Lunk
450,Kimberlee Jerrans
451,Delly Lain
452,Herbie Bellringer
453,Almire Tabourier
454,Danyette Feye
455,Brooke Sussans
456,Juline Yeandel
457,Maribeth Rasp
458,Linoel Hollow
459,Margareta Welburn
460,Corliss Hebbs
461,Reeba Rideout
462,Georgine Temple
463,Yul Torritti
464,Katharine Scalera
465,Dieter O'Lenechan
466,Binnie Cosely
467,Fabian Marthen
468,Killie Duffan
469,Alano Tomkowicz
470,Krisha Worrill
471,Kelsey Moorhead
472,Franklyn Gosford
473,Morganne Todhunter
474,Eloise Gerlack
475,Gael Brocklesby
476,Mildred Wohler
477,Penny Pedycan
478,Wendy Hazle
479,Ado Mallalieu
480,Alameda Good
481,Joli Quiddinton
482,Jojo Pretsel
483,Gillian Ghelardi
484,Damita Brian
485,Denni Plomer
486,Ernst Shambrooke
487,Brose Noah
488,Florian Kattenhorn
489,Niles Kippling
490,Curcio Brammall
491,Dinny McCabe
492,Jenn Rainville
493,Toinette Kelle
494,Cecilla Butner
495,Sheridan Bleacher
496,Cornelius Wyss
497,Coreen Towle
498,Anne-corinne Brunone
499,Karrah Midlar
500,Jenine Faveryear
501,Gilberto Cracknall
502,Trescha Huttley
503,Marna Sumner
504,Joscelin Santacrole
505,Base Stratton
506,Bevan Harrald
507,Teodorico Vitall
508,Harlen Child
509,Blaine Larmett
510,Bran Airlie
511,Shannah Houlden
512,Veronike Samudio
513,Felizio Gages
514,Anica Yakov
515,Bridie Sives
516,Simmonds Arnoldi
517,Stanislaw Limmer
518,Guglielmo Surman-Wells
519,Brandtr Hackly
520,Johny McBoyle
521,Doro Grew
522,Celisse Nuzzetti
523,Humfried Boleyn
524,Ethelind Muckle
525,Adrian Tumber
526,Patin Rowson
527,Benoite Dalli
528,Godfrey Drayson
529,Culver Ferrand
530,Obadias Mepham
531,Der Bossingham
532,Shaylynn Padell
533,Juliette Goodchild
534,Briant Olek
535,Luci Bly
536,Eldin Canham
537,Roselia Wison
538,Ronna Clarycott
539,Galvan Castano
540,Sherri Szreter
541,Terry Ramey
542,Vinson Normanvell
543,Ellette McGaughay
544,Iolande Garron
545,Gert Carlton
546,Otis Iacomini
547,Sayer Celes
548,Karon Von Helmholtz
549,Bobbee Todari
550,Annnora Sabater
551,Mariele Borrow
552,Kelley Wyllcocks
553,Dix Candie
554,Ree Manchett
555,Ellynn Cattermull
556,Meggie Thaxton
557,Sukey Eassom
558,Wynn Riddiford
559,Valentine Mitchinson
560,Ky Ryde
561,Jenine Petrasek
562,Liam Paler
563,Carlee Lightning
564,Rhys Blader
565,Ricardo Shemming
566,Lenee Dunnett
567,Jaime Domingues
568,Aube Greave
569,Melodee Woolhouse
570,Rees Thredder
571,Selma Krimmer
572,Peria Welchman
573,Bessy Musicka
574,Lucia Sessuns
575,Eada Fowle
576,Lovell Story
577,Lorant Woodage
578,Keenan Coopland
579,Josy Mattiello
580,Lorette Dabell
581,Renate Furneaux
582,Darcie Degoey
583,Teirtza Imrie
584,Gaultiero Seyfart
585,Edwina Klaff
586,Waly Deaconson
587,Felizio Kiraly
588,Gill Holtaway
589,Horacio Willbraham
590,Neysa Le Gassick
591,Silvano Kewley
592,Cullan Grumell
593,Yorgos Vasilov
594,Neils Roch
595,Jorey Harley
596,Arda Hrycek
597,Olenka Tunesi
598,Burnaby Fowlie
599,Meggy Hinder
600,Gabriello Lambrechts
601,Araldo Dix
602,Binny MacArdle
603,Celestyna Boughton
604,Abbot Wallworke
605,Odie Lahiff
606,Chrysa Haydock
607,Ruth Monery
608,Wyatan Renols
609,Robbyn Pencott
610,Alain Shaefer
611,Minta Fassbender
612,Harlin Lethcoe
613,Yale Bilofsky
614,Lotte Coomes
615,Westbrooke Songist
616,Aylmar Mattheis
617,Kat Lundon
618,Abra Guerry
619,Waring Fawthrop
620,Nappy Duester
621,Sarita Adamov
622,Eleonore Peddar
623,Haley Fiske
624,Verge Spering
625,Millicent Bercher
626,Clemmie Mc Gorley
627,La verne Mossom
628,Elisha Peatheyjohns
629,Phillipe Giacopello
630,Mathe Roller
631,Agnola Febre
632,Lynn Matyushonok
633,Marlin de Courcy
634,Dell Burde
635,Tandy Rothman
636,Annette Learmount
637,Donia Marciskewski
638,Ealasaid Salaman
639,Bekki Davidman
640,Corny Dikle
641,Barbaraanne Glencross
642,Arne Chatband
643,Brigit Pieracci
644,James Sircombe
645,Etti Finkle
646,Bellanca O'Hengerty
647,Bing Sheirlaw
648,Kit Mityukov
649,Kathye Clineck
650,Corabelle Crumpton
651,Clemente Laker
652,Maribelle Gilpin
653,Georgie Aloshechkin
654,Giovanna Stegell
655,Salomon Ivanikov
656,Georgena Ettles
657,Abagail Penhaligon
658,Aime Pudan
659,Jolee Sandham
660,Jessi Fraczek
661,Krissie Troughton
662,Aube Donat
663,Bianka Radbourn
664,Dore Persse
665,Jenilee Pember
666,Ginger Burgwin
667,Star Fishley
668,Mariam Proske
669,Elene Orpwood
670,Theodoric Torbard
671,Alidia Hubbins
672,Hailey Jephcote
673,Andriana Jacke
674,Thorpe Kivelle
675,Gilda Rubinowitch
676,Riki Ferrero
677,Delly Allder
678,Rolph Stainson
679,Pennie Cheng
680,Jedd Garrison
681,Denis Mablestone
682,Bette-ann Davydenko
683,Moll Housley
684,Janifer Scoular
685,Julian Coughlin
686,Trescha Welling
687,Yorke Cookes
688,Thaxter Barensky
689,Joell Rapley
690,Marja Pechell
691,Carol-jean McAvin
692,Lara Croson
693,Licha Mehmet
694,Goldy Lusty
695,Saraann Courtliff
696,Ewan Flatman
697,Inness Melmoth
698,Brnaba Prigmore
699,Damien Fullbrook
700,Burt Scurrah
701,Julian Gillespie
702,Harmony Duffy
703,Rhys Piddington
704,Brody Omand
705,Nicki Berthe
706,Keir Hullock
707,Claiborne Liddel
708,Cristionna Kier
709,Tiffany Rought
710,Yalonda Geeraert
711,Arthur Osichev
712,Avril Janowski
713,Melina Slide
714,Malvin Helling
715,Theo Twist
716,Norrie Meric
717,Conny Gibbon
718,Patricia Kenion
719,Immanuel Hullett
720,Myra Limrick
721,Cecilla Messenbird
722,Beverie Cutmore
723,Sonni Vicioso
724,Dorothee Standish
725,Nevins Garlick
726,Vincents Ducrow
727,Hewie Mompesson
728,Doroteya Castiglio
729,Drusie Szubert
730,Aeriell Realy
731,Fonsie Dwerryhouse
732,Starla Loudwell
733,Jenni Kunert
734,Harriett Kitchinham
735,Markus Grayston
736,Devan Bascomb
737,Gwennie Harmston
738,Karlene Kiwitz
739,Rudiger Hunnicutt
740,Keefer Northedge
741,Harv Dickey
742,Aaren Buckberry
743,Candida Das
744,Jan Orthmann
745,Evelin Rentalll
746,Kermie Hallums
747,Elfreda McJerrow
748,Elnar Scopham
749,Dian Corpe
750,Briana Camden
751,Glenden Graeber
752,Briano Purkiss
753,Estella Dobney
754,Suzy Spurge
755,Bryanty Antonutti
756,Darby Fattori
757,Richie Redholes
758,Clarice Dunmuir
759,Temp Lazenbury
760,Remus Tanser
761,Franky Andryushin
762,Terri-jo Schaben
763,Christina Luppitt
764,Julina Ogley
765,Arnie Brymner
766,Zita Brims
767,Urbanus Spriggen
768,Andres Brownbill
769,Clevey Ives
770,Case Bode
771,Raina Heakey
772,Felita Heale
773,Paddy Rushbrooke
774,Alexi Twaits
775,Doyle Arington
776,Addie Brason
777,Zebulon Harron
778,Rodolfo O' Mullan
779,Taite Baldery
780,Warner Habin
781,Sarette Kett
782,Nollie Moggie
783,Milena MacVicar
784,Sayres Kingsnoad
785,Garik Marskell
786,Lancelot Montfort
787,Cathe Bugdale
788,Wanids Bartolini
789,Mel Bessom
790,Dex Parmenter
791,Tove Sarjeant
792,Sella Reville
793,Dorry Dicke
794,Victor Winwright
795,Jeanette Fidock
796,Annadiana Kurth
797,Roldan Mathiot
798,Dolly Batterbee
799,Torie Yearron
800,Tymothy Oldland
801,Ardene Shortcliffe
802,Paxton Ellwell
803,Vanda Dafydd
804,Heda Peers
805,Rubina Perotti
806,Edlin Persent
807,Brunhilda Fleming
808,Artemus Varnham
809,Tammara Banbury
810,Roger Raiker
811,Hyacinthe Shovel
812,Lorelei Vitet
813,Loretta Endersby
814,Marcie Kleyn
815,Joni Rathbone
816,Wynnie d' Eye
817,Gabey Cree
818,Daron Pedracci
819,Pet Danels
820,Kerk Edmead
821,Dolley Culpin
822,Larry Petras
823,Sigmund Ivashov
824,Antoni Elfleet
825,Donelle Pencot
826,Meredeth Webling
827,Gregory Gaunson
828,Tadeo Peirone
829,Major Baukham
830,Franz Marmon
831,Gabi Raddon
832,Kizzee Cardoe
833,Amanda Vogelein
834,Junie Chilcotte
835,Elliott Tacey
836,Ann Henderson
837,Maude Grcic
838,Grethel Nangle
839,Estelle Barrable
840,Eartha Hanscombe
841,Serene Cullabine
842,Atlante Beeswing
843,Cyrus Searston
844,Vivi Caulder
845,Dianna Giraudo
846,Kipper Toller
847,Perrine Lefort
848,Randall Debrett
849,Skippy Thebe
850,Moise Moody
851,Valentijn Bourgour
852,Norby Pietrusiak
853,Marje Cissen
854,Kiersten Tzarkov
855,Lizabeth Favel
856,Kimberley Casillas
857,Demeter Keetley
858,Trevar Huskisson
859,Oliviero Toke
860,Jordain Ickovitz
861,Janessa Sturridge
862,Wilma Songust
863,Hetty Zapater
864,Jorie Benzies
865,Deanna Setterington
866,Arni Kenwyn
867,Horatius Mattacks
868,Maddi Attiwill
869,Hyacinthe Rennicks
870,Berkley Ellicombe
871,Lorine Da Costa
872,Nichols Bartley
873,Carrissa Neame
874,Doreen Plevin
875,Sherlocke Beverage
876,Edouard O' Mara
877,Laryssa Donlon
878,Corie Maidlow
879,Minny Stodart
880,Arlie O'Towey
881,Lenee Duignan
882,Cari McIlherran
883,Palm Denty
884,Fernando Schoenrock
885,Anestassia Matyas
886,Madelaine Pennicott
887,Drew Luckings
888,Tades Gerran
889,Elsinore Bygraves
890,Mitchel Priestner
891,Bell Brownjohn
892,Ignacio Kline
893,Salem Laguerre
894,Ellen Wyre
895,Constance McGinnell
896,Joya Clemenceau
897,Helen-elizabeth Iacovides
898,Carolus Alvarado
899,Tony Idle
900,Dina Gilloran
901,Euphemia Fulun
902,Byran Bauldry
903,Gamaliel Coundley
904,Salaidh Ros
905,Justus Cragoe
906,Micheline Ferrelli
907,Crystal Wallett
908,Jase Wrist
909,Ami Dagnall
910,Ella Throughton
911,Brock Kowalik
912,Marget Killelay
913,Teddy Runsey
914,Jade Pearman
915,Dimitri Cosbey
916,Suellen Jewkes
917,Alvie De Ambrosi
918,Jody Minucci
919,Robbi Bowle
920,Pincus Langstrath
921,Neddie Sarah
922,Boyce Bebbington
923,Ulric Labb
924,Llywellyn Avramov
925,Mona Nutter
926,Curr Rochester
927,Amos Halton
928,Janaye Cuerdale
929,Cora Puddan
930,Elwyn Burgen
931,Isidoro Simmans
932,Humfried Benasik
933,Bella Fallowes
934,Sean Gallacher
935,Georgine Francello
936,Mile Mougeot
937,Weider Squires
938,Twila Ebbles
939,Cynthia Somerville
940,Dougy Malling
941,Berrie Tordoff
942,Enrika Kendal
943,Darcee Bonsul
944,Richard Cazereau
945,Laurice Quillinane
946,Robbyn Duke
947,Alissa Peachman
948,Willette Marlowe
949,Andrea Grichukhanov
950,Homerus Swannie
951,Gil Norree
952,Sheela Gowler
953,Izak Barthot
954,Dollie Riggott
955,Ashely O'Grada
956,Pincus Sooley
957,Dante Rizzini
958,Neill Iowarch
959,Lynette Loveredge
960,Kelci Illsley
961,Evaleen Baythrop
962,Carling Fatharly
963,Coreen Woolsey
964,Florette Goskar
965,Hamil Conti
966,Marijo Tonkin
967,Annabal Bryer
968,Morgen Whitebrook
969,Charla Coughlan
970,Janene Rickardes
971,Leonhard Bargh
972,Toinette Arnaez
973,Pauletta McKellar
974,Garth Fatscher
975,Petronilla Davydoch
976,Tommy Hinchshaw
977,Brice O'Shaughnessy
978,Benni Spirritt
979,Carolyne Kesterton
980,Daile Knappen
981,Laurice Rappaport
982,Shina Limbourne
983,Donnajean Bligh
984,Artus Blakeman
985,Vivie Traill
986,Rubina Bunch
987,Myra Bardell
988,Jobey Wasiel
989,Hersch Bendelow
990,Hoebart Domerq
991,Hall Gianinotti
992,Maxie Manicom
993,Aloin Rickards
994,Allis Digger
995,Toni Coveley
996,Warden Dilliston
997,Lou Peiser
998,Ethe Downes
999,Cory Seeking
1000,Miguela Lammers
